,Metric,Value
0,R-squared,0.6447335892881951
1,MAE,3.828014144526578
2,MSE,21.5038810999292
3,RMSE,4.637227738631045
