,Metric,Value
0,R-squared,0.6692550191622055
1,MAE,3.7519109184475155
2,MSE,20.019626195688545
3,RMSE,4.4743296923325335
