,Metric,Value
0,R-squared,0.5239132803858282
1,MAE,4.294743803061846
2,MSE,28.817000153001807
3,RMSE,5.368146808070901
