,Metric,Value
0,R-squared,0.709463249871503
1,MAE,3.4273333333333325
2,MSE,17.58586666666667
3,RMSE,4.193550603804212
