,Metric,Value
0,R-squared,0.7137455026066526
1,MAE,3.1533333333333338
2,MSE,17.326666666666664
3,RMSE,4.1625312811637425
