,Metric,Value
0,R-squared,0.299508040237903
1,MAE,4.866666666666666
2,MSE,42.4
3,RMSE,6.511528238439882
